drive,outage_s,start_s,end_s
S1,30,60.0,90.0
S1,30,120.0,150.0
S1,30,180.0,210.0
S1,30,240.0,270.0
S1,30,300.0,330.0
S1,30,360.0,390.0
S1,30,420.0,450.0
S1,30,480.0,510.0
S1,30,540.0,570.0
S1,30,600.0,630.0
S1,30,720.0,750.0
S1,30,780.0,810.0
S1,30,840.0,870.0
S1,30,900.0,930.0
S1,30,960.0,990.0
S1,30,1020.0,1050.0
S1,30,1080.0,1110.0
S1,30,1140.0,1170.0
S1,30,1200.0,1230.0
S1,30,1260.0,1290.0
S1,30,1320.0,1350.0
S1,30,1440.0,1470.0
S1,30,1500.0,1530.0
S1,30,1560.0,1590.0
S1,30,1620.0,1650.0
S1,30,1680.0,1710.0
S1,30,1740.0,1770.0
S1,30,1860.0,1890.0
S1,30,1920.0,1950.0
S1,30,1980.0,2010.0
S1,30,2040.0,2070.0
S1,30,2100.0,2130.0
S1,30,2160.0,2190.0
S1,30,2220.0,2250.0
S1,30,2280.0,2310.0
S1,30,2340.0,2370.0
S1,30,2400.0,2430.0
S1,30,2460.0,2490.0
S1,30,2580.0,2610.0
S1,30,2640.0,2670.0
S1,30,2700.0,2730.0
S1,30,2760.0,2790.0
S1,30,2820.0,2850.0
S1,30,2880.0,2910.0
S1,30,2940.0,2970.0
S1,30,3000.0,3030.0
S1,30,3060.0,3090.0
S1,30,3120.0,3150.0
S1,30,3180.0,3210.0
S1,30,3240.0,3270.0
S1,30,3300.0,3330.0
S1,30,3360.0,3390.0
S1,30,3420.0,3450.0
S1,30,3540.0,3570.0
S1,30,3600.0,3630.0
S1,30,3660.0,3690.0
S1,30,3720.0,3750.0
S1,30,3780.0,3810.0
S1,30,3840.0,3870.0
S1,30,3900.0,3930.0
S1,30,3960.0,3990.0
S1,30,4020.0,4050.0
S1,30,4080.0,4110.0
S1,30,4140.0,4170.0
S1,30,4200.0,4230.0
S1,30,4320.0,4350.0
S1,30,4380.0,4410.0
S1,30,4440.0,4470.0
S1,30,4500.0,4530.0
S1,30,4560.0,4590.0
S1,30,4680.0,4710.0
S1,30,4800.0,4830.0
S1,30,4920.0,4950.0
S1,30,4980.0,5010.0
S1,30,5100.0,5130.0
S1,60,60.0,120.0
S1,60,120.0,180.0
S1,60,180.0,240.0
S1,60,240.0,300.0
S1,60,300.0,360.0
S1,60,360.0,420.0
S1,60,420.0,480.0
S1,60,480.0,540.0
S1,60,540.0,600.0
S1,60,600.0,660.0
S1,60,720.0,780.0
S1,60,780.0,840.0
S1,60,840.0,900.0
S1,60,900.0,960.0
S1,60,960.0,1020.0
S1,60,1020.0,1080.0
S1,60,1080.0,1140.0
S1,60,1140.0,1200.0
S1,60,1200.0,1260.0
S1,60,1260.0,1320.0
S1,60,1320.0,1380.0
S1,60,1440.0,1500.0
S1,60,1500.0,1560.0
S1,60,1560.0,1620.0
S1,60,1620.0,1680.0
S1,60,1680.0,1740.0
S1,60,1740.0,1800.0
S1,60,1860.0,1920.0
S1,60,1920.0,1980.0
S1,60,1980.0,2040.0
S1,60,2040.0,2100.0
S1,60,2100.0,2160.0
S1,60,2160.0,2220.0
S1,60,2220.0,2280.0
S1,60,2280.0,2340.0
S1,60,2340.0,2400.0
S1,60,2400.0,2460.0
S1,60,2460.0,2520.0
S1,60,2580.0,2640.0
S1,60,2640.0,2700.0
S1,60,2700.0,2760.0
S1,60,2760.0,2820.0
S1,60,2820.0,2880.0
S1,60,2880.0,2940.0
S1,60,2940.0,3000.0
S1,60,3000.0,3060.0
S1,60,3060.0,3120.0
S1,60,3120.0,3180.0
S1,60,3180.0,3240.0
S1,60,3240.0,3300.0
S1,60,3300.0,3360.0
S1,60,3360.0,3420.0
S1,60,3420.0,3480.0
S1,60,3540.0,3600.0
S1,60,3600.0,3660.0
S1,60,3660.0,3720.0
S1,60,3720.0,3780.0
S1,60,3780.0,3840.0
S1,60,3840.0,3900.0
S1,60,3900.0,3960.0
S1,60,3960.0,4020.0
S1,60,4020.0,4080.0
S1,60,4080.0,4140.0
S1,60,4140.0,4200.0
S1,60,4200.0,4260.0
S1,60,4320.0,4380.0
S1,60,4380.0,4440.0
S1,60,4440.0,4500.0
S1,60,4500.0,4560.0
S1,60,4560.0,4620.0
S1,60,4680.0,4740.0
S1,60,4800.0,4860.0
S1,60,4920.0,4980.0
S1,60,4980.0,5040.0
S1,60,5100.0,5160.0
S1,120,60.0,180.0
S1,120,120.0,240.0
S1,120,180.0,300.0
S1,120,240.0,360.0
S1,120,300.0,420.0
S1,120,360.0,480.0
S1,120,420.0,540.0
S1,120,480.0,600.0
S1,120,540.0,660.0
S1,120,600.0,720.0
S1,120,720.0,840.0
S1,120,780.0,900.0
S1,120,840.0,960.0
S1,120,900.0,1020.0
S1,120,960.0,1080.0
S1,120,1020.0,1140.0
S1,120,1080.0,1200.0
S1,120,1140.0,1260.0
S1,120,1200.0,1320.0
S1,120,1260.0,1380.0
S1,120,1320.0,1440.0
S1,120,1440.0,1560.0
S1,120,1500.0,1620.0
S1,120,1560.0,1680.0
S1,120,1620.0,1740.0
S1,120,1680.0,1800.0
S1,120,1740.0,1860.0
S1,120,1860.0,1980.0
S1,120,1920.0,2040.0
S1,120,1980.0,2100.0
S1,120,2040.0,2160.0
S1,120,2100.0,2220.0
S1,120,2160.0,2280.0
S1,120,2220.0,2340.0
S1,120,2280.0,2400.0
S1,120,2340.0,2460.0
S1,120,2400.0,2520.0
S1,120,2460.0,2580.0
S1,120,2580.0,2700.0
S1,120,2640.0,2760.0
S1,120,2700.0,2820.0
S1,120,2760.0,2880.0
S1,120,2820.0,2940.0
S1,120,2880.0,3000.0
S1,120,2940.0,3060.0
S1,120,3000.0,3120.0
S1,120,3060.0,3180.0
S1,120,3120.0,3240.0
S1,120,3180.0,3300.0
S1,120,3240.0,3360.0
S1,120,3300.0,3420.0
S1,120,3360.0,3480.0
S1,120,3420.0,3540.0
S1,120,3540.0,3660.0
S1,120,3600.0,3720.0
S1,120,3660.0,3780.0
S1,120,3720.0,3840.0
S1,120,3780.0,3900.0
S1,120,3840.0,3960.0
S1,120,3900.0,4020.0
S1,120,3960.0,4080.0
S1,120,4020.0,4140.0
S1,120,4080.0,4200.0
S1,120,4140.0,4260.0
S1,120,4200.0,4320.0
S1,120,4320.0,4440.0
S1,120,4380.0,4500.0
S1,120,4440.0,4560.0
S1,120,4500.0,4620.0
S1,120,4560.0,4680.0
S1,120,4680.0,4800.0
S1,120,4800.0,4920.0
S1,120,4920.0,5040.0
S1,120,4980.0,5100.0
S2,30,60.0,90.0
S2,30,300.0,330.0
S2,30,360.0,390.0
S2,30,420.0,450.0
S2,30,480.0,510.0
S2,30,540.0,570.0
S2,30,600.0,630.0
S2,30,720.0,750.0
S2,30,780.0,810.0
S2,30,840.0,870.0
S2,30,900.0,930.0
S2,30,960.0,990.0
S2,30,1020.0,1050.0
S2,30,1080.0,1110.0
S2,30,1260.0,1290.0
S2,30,1320.0,1350.0
S2,30,1380.0,1410.0
S2,30,1440.0,1470.0
S2,30,1500.0,1530.0
S2,30,1560.0,1590.0
S2,30,1620.0,1650.0
S2,30,1800.0,1830.0
S2,30,1860.0,1890.0
S2,30,1920.0,1950.0
S2,30,1980.0,2010.0
S2,30,2040.0,2070.0
S2,30,2100.0,2130.0
S2,30,2160.0,2190.0
S2,30,2220.0,2250.0
S2,30,2280.0,2310.0
S2,30,2340.0,2370.0
S2,30,2460.0,2490.0
S2,30,2520.0,2550.0
S2,30,2580.0,2610.0
S2,30,2640.0,2670.0
S2,30,2820.0,2850.0
S2,30,2880.0,2910.0
S2,30,2940.0,2970.0
S2,30,3000.0,3030.0
S2,30,3060.0,3090.0
S2,30,3120.0,3150.0
S2,30,3480.0,3510.0
S2,30,3540.0,3570.0
S2,30,3600.0,3630.0
S2,30,3660.0,3690.0
S2,30,3720.0,3750.0
S2,30,3780.0,3810.0
S2,30,3900.0,3930.0
S2,30,3960.0,3990.0
S2,30,4020.0,4050.0
S2,30,4140.0,4170.0
S2,30,4200.0,4230.0
S2,30,4260.0,4290.0
S2,30,4320.0,4350.0
S2,30,4380.0,4410.0
S2,30,4440.0,4470.0
S2,30,4500.0,4530.0
S2,30,4560.0,4590.0
S2,30,4620.0,4650.0
S2,30,4680.0,4710.0
S2,30,4740.0,4770.0
S2,30,4800.0,4830.0
S2,30,4860.0,4890.0
S2,30,4920.0,4950.0
S2,30,4980.0,5010.0
S2,30,5040.0,5070.0
S2,30,5100.0,5130.0
S2,30,5160.0,5190.0
S2,30,5220.0,5250.0
S2,30,5280.0,5310.0
S2,30,5340.0,5370.0
S2,30,5400.0,5430.0
S2,30,5460.0,5490.0
S2,30,5520.0,5550.0
S2,30,5580.0,5610.0
S2,30,5640.0,5670.0
S2,30,5700.0,5730.0
S2,30,5760.0,5790.0
S2,30,5820.0,5850.0
S2,30,5880.0,5910.0
S2,30,5940.0,5970.0
S2,30,6000.0,6030.0
S2,30,6060.0,6090.0
S2,30,6120.0,6150.0
S2,30,6180.0,6210.0
S2,30,6240.0,6270.0
S2,30,6300.0,6330.0
S2,30,6360.0,6390.0
S2,30,6420.0,6450.0
S2,30,6480.0,6510.0
S2,30,6540.0,6570.0
S2,30,6600.0,6630.0
S2,30,6660.0,6690.0
S2,30,6720.0,6750.0
S2,30,6780.0,6810.0
S2,30,6840.0,6870.0
S2,30,6900.0,6930.0
S2,30,6960.0,6990.0
S2,30,7020.0,7050.0
S2,30,7260.0,7290.0
S2,30,7320.0,7350.0
S2,30,7380.0,7410.0
S2,30,7440.0,7470.0
S2,30,7500.0,7530.0
S2,30,7560.0,7590.0
S2,30,7620.0,7650.0
S2,30,7680.0,7710.0
S2,30,7800.0,7830.0
S2,30,7860.0,7890.0
S2,30,7920.0,7950.0
S2,30,7980.0,8010.0
S2,30,8040.0,8070.0
S2,30,8100.0,8130.0
S2,30,8160.0,8190.0
S2,30,8220.0,8250.0
S2,30,8280.0,8310.0
S2,30,8340.0,8370.0
S2,30,8400.0,8430.0
S2,30,8460.0,8490.0
S2,30,8520.0,8550.0
S2,30,8580.0,8610.0
S2,30,8640.0,8670.0
S2,30,8700.0,8730.0
S2,30,8760.0,8790.0
S2,30,8820.0,8850.0
S2,30,8880.0,8910.0
S2,30,8940.0,8970.0
S2,30,9000.0,9030.0
S2,30,9060.0,9090.0
S2,30,9120.0,9150.0
S2,60,60.0,120.0
S2,60,300.0,360.0
S2,60,360.0,420.0
S2,60,420.0,480.0
S2,60,480.0,540.0
S2,60,540.0,600.0
S2,60,600.0,660.0
S2,60,720.0,780.0
S2,60,780.0,840.0
S2,60,840.0,900.0
S2,60,900.0,960.0
S2,60,960.0,1020.0
S2,60,1020.0,1080.0
S2,60,1080.0,1140.0
S2,60,1260.0,1320.0
S2,60,1320.0,1380.0
S2,60,1380.0,1440.0
S2,60,1440.0,1500.0
S2,60,1500.0,1560.0
S2,60,1560.0,1620.0
S2,60,1620.0,1680.0
S2,60,1800.0,1860.0
S2,60,1860.0,1920.0
S2,60,1920.0,1980.0
S2,60,1980.0,2040.0
S2,60,2040.0,2100.0
S2,60,2100.0,2160.0
S2,60,2160.0,2220.0
S2,60,2220.0,2280.0
S2,60,2280.0,2340.0
S2,60,2340.0,2400.0
S2,60,2460.0,2520.0
S2,60,2520.0,2580.0
S2,60,2580.0,2640.0
S2,60,2640.0,2700.0
S2,60,2820.0,2880.0
S2,60,2880.0,2940.0
S2,60,2940.0,3000.0
S2,60,3000.0,3060.0
S2,60,3060.0,3120.0
S2,60,3120.0,3180.0
S2,60,3480.0,3540.0
S2,60,3540.0,3600.0
S2,60,3600.0,3660.0
S2,60,3660.0,3720.0
S2,60,3720.0,3780.0
S2,60,3780.0,3840.0
S2,60,3900.0,3960.0
S2,60,3960.0,4020.0
S2,60,4020.0,4080.0
S2,60,4140.0,4200.0
S2,60,4200.0,4260.0
S2,60,4260.0,4320.0
S2,60,4320.0,4380.0
S2,60,4380.0,4440.0
S2,60,4440.0,4500.0
S2,60,4500.0,4560.0
S2,60,4560.0,4620.0
S2,60,4620.0,4680.0
S2,60,4680.0,4740.0
S2,60,4740.0,4800.0
S2,60,4800.0,4860.0
S2,60,4860.0,4920.0
S2,60,4920.0,4980.0
S2,60,4980.0,5040.0
S2,60,5040.0,5100.0
S2,60,5100.0,5160.0
S2,60,5160.0,5220.0
S2,60,5220.0,5280.0
S2,60,5280.0,5340.0
S2,60,5340.0,5400.0
S2,60,5400.0,5460.0
S2,60,5460.0,5520.0
S2,60,5520.0,5580.0
S2,60,5580.0,5640.0
S2,60,5640.0,5700.0
S2,60,5700.0,5760.0
S2,60,5760.0,5820.0
S2,60,5820.0,5880.0
S2,60,5880.0,5940.0
S2,60,5940.0,6000.0
S2,60,6000.0,6060.0
S2,60,6060.0,6120.0
S2,60,6120.0,6180.0
S2,60,6180.0,6240.0
S2,60,6240.0,6300.0
S2,60,6300.0,6360.0
S2,60,6360.0,6420.0
S2,60,6420.0,6480.0
S2,60,6480.0,6540.0
S2,60,6540.0,6600.0
S2,60,6600.0,6660.0
S2,60,6660.0,6720.0
S2,60,6720.0,6780.0
S2,60,6780.0,6840.0
S2,60,6840.0,6900.0
S2,60,6900.0,6960.0
S2,60,6960.0,7020.0
S2,60,7020.0,7080.0
S2,60,7260.0,7320.0
S2,60,7320.0,7380.0
S2,60,7380.0,7440.0
S2,60,7440.0,7500.0
S2,60,7500.0,7560.0
S2,60,7560.0,7620.0
S2,60,7620.0,7680.0
S2,60,7680.0,7740.0
S2,60,7800.0,7860.0
S2,60,7860.0,7920.0
S2,60,7920.0,7980.0
S2,60,7980.0,8040.0
S2,60,8040.0,8100.0
S2,60,8100.0,8160.0
S2,60,8160.0,8220.0
S2,60,8220.0,8280.0
S2,60,8280.0,8340.0
S2,60,8340.0,8400.0
S2,60,8400.0,8460.0
S2,60,8460.0,8520.0
S2,60,8520.0,8580.0
S2,60,8580.0,8640.0
S2,60,8640.0,8700.0
S2,60,8700.0,8760.0
S2,60,8760.0,8820.0
S2,60,8820.0,8880.0
S2,60,8880.0,8940.0
S2,60,8940.0,9000.0
S2,60,9000.0,9060.0
S2,60,9060.0,9120.0
S2,60,9120.0,9180.0
S2,120,60.0,180.0
S2,120,300.0,420.0
S2,120,360.0,480.0
S2,120,420.0,540.0
S2,120,480.0,600.0
S2,120,540.0,660.0
S2,120,600.0,720.0
S2,120,720.0,840.0
S2,120,780.0,900.0
S2,120,840.0,960.0
S2,120,900.0,1020.0
S2,120,960.0,1080.0
S2,120,1020.0,1140.0
S2,120,1080.0,1200.0
S2,120,1260.0,1380.0
S2,120,1320.0,1440.0
S2,120,1380.0,1500.0
S2,120,1440.0,1560.0
S2,120,1500.0,1620.0
S2,120,1560.0,1680.0
S2,120,1620.0,1740.0
S2,120,1800.0,1920.0
S2,120,1860.0,1980.0
S2,120,1920.0,2040.0
S2,120,1980.0,2100.0
S2,120,2040.0,2160.0
S2,120,2100.0,2220.0
S2,120,2160.0,2280.0
S2,120,2220.0,2340.0
S2,120,2280.0,2400.0
S2,120,2340.0,2460.0
S2,120,2460.0,2580.0
S2,120,2520.0,2640.0
S2,120,2580.0,2700.0
S2,120,2640.0,2760.0
S2,120,2820.0,2940.0
S2,120,2880.0,3000.0
S2,120,2940.0,3060.0
S2,120,3000.0,3120.0
S2,120,3060.0,3180.0
S2,120,3120.0,3240.0
S2,120,3480.0,3600.0
S2,120,3540.0,3660.0
S2,120,3600.0,3720.0
S2,120,3660.0,3780.0
S2,120,3720.0,3840.0
S2,120,3780.0,3900.0
S2,120,3900.0,4020.0
S2,120,3960.0,4080.0
S2,120,4020.0,4140.0
S2,120,4140.0,4260.0
S2,120,4200.0,4320.0
S2,120,4260.0,4380.0
S2,120,4320.0,4440.0
S2,120,4380.0,4500.0
S2,120,4440.0,4560.0
S2,120,4500.0,4620.0
S2,120,4560.0,4680.0
S2,120,4620.0,4740.0
S2,120,4680.0,4800.0
S2,120,4740.0,4860.0
S2,120,4800.0,4920.0
S2,120,4860.0,4980.0
S2,120,4920.0,5040.0
S2,120,4980.0,5100.0
S2,120,5040.0,5160.0
S2,120,5100.0,5220.0
S2,120,5160.0,5280.0
S2,120,5220.0,5340.0
S2,120,5280.0,5400.0
S2,120,5340.0,5460.0
S2,120,5400.0,5520.0
S2,120,5460.0,5580.0
S2,120,5520.0,5640.0
S2,120,5580.0,5700.0
S2,120,5640.0,5760.0
S2,120,5700.0,5820.0
S2,120,5760.0,5880.0
S2,120,5820.0,5940.0
S2,120,5880.0,6000.0
S2,120,5940.0,6060.0
S2,120,6000.0,6120.0
S2,120,6060.0,6180.0
S2,120,6120.0,6240.0
S2,120,6180.0,6300.0
S2,120,6240.0,6360.0
S2,120,6300.0,6420.0
S2,120,6360.0,6480.0
S2,120,6420.0,6540.0
S2,120,6480.0,6600.0
S2,120,6540.0,6660.0
S2,120,6600.0,6720.0
S2,120,6660.0,6780.0
S2,120,6720.0,6840.0
S2,120,6780.0,6900.0
S2,120,6840.0,6960.0
S2,120,6900.0,7020.0
S2,120,6960.0,7080.0
S2,120,7020.0,7140.0
S2,120,7260.0,7380.0
S2,120,7320.0,7440.0
S2,120,7380.0,7500.0
S2,120,7440.0,7560.0
S2,120,7500.0,7620.0
S2,120,7560.0,7680.0
S2,120,7620.0,7740.0
S2,120,7680.0,7800.0
S2,120,7800.0,7920.0
S2,120,7860.0,7980.0
S2,120,7920.0,8040.0
S2,120,7980.0,8100.0
S2,120,8040.0,8160.0
S2,120,8100.0,8220.0
S2,120,8160.0,8280.0
S2,120,8220.0,8340.0
S2,120,8280.0,8400.0
S2,120,8340.0,8460.0
S2,120,8400.0,8520.0
S2,120,8460.0,8580.0
S2,120,8520.0,8640.0
S2,120,8580.0,8700.0
S2,120,8640.0,8760.0
S2,120,8700.0,8820.0
S2,120,8760.0,8880.0
S2,120,8820.0,8940.0
S2,120,8880.0,9000.0
S2,120,8940.0,9060.0
S2,120,9000.0,9120.0
S2,120,9060.0,9180.0
S3a,30,60.0,90.0
S3a,30,120.0,150.0
S3a,30,180.0,210.0
S3a,30,240.0,270.0
S3a,30,360.0,390.0
S3a,30,420.0,450.0
S3a,30,480.0,510.0
S3a,30,540.0,570.0
S3a,30,600.0,630.0
S3a,30,660.0,690.0
S3a,30,720.0,750.0
S3a,30,780.0,810.0
S3a,30,840.0,870.0
S3a,30,900.0,930.0
S3a,30,960.0,990.0
S3a,30,1020.0,1050.0
S3a,30,1080.0,1110.0
S3a,30,1140.0,1170.0
S3a,30,1200.0,1230.0
S3a,30,1260.0,1290.0
S3a,30,1320.0,1350.0
S3a,30,1560.0,1590.0
S3a,30,1620.0,1650.0
S3a,30,1680.0,1710.0
S3a,30,1740.0,1770.0
S3a,30,1860.0,1890.0
S3a,30,1920.0,1950.0
S3a,30,1980.0,2010.0
S3a,30,2040.0,2070.0
S3a,30,2100.0,2130.0
S3a,30,2160.0,2190.0
S3a,30,2220.0,2250.0
S3a,30,2280.0,2310.0
S3a,30,2340.0,2370.0
S3a,30,2400.0,2430.0
S3a,60,60.0,120.0
S3a,60,120.0,180.0
S3a,60,180.0,240.0
S3a,60,240.0,300.0
S3a,60,360.0,420.0
S3a,60,420.0,480.0
S3a,60,480.0,540.0
S3a,60,540.0,600.0
S3a,60,600.0,660.0
S3a,60,660.0,720.0
S3a,60,720.0,780.0
S3a,60,780.0,840.0
S3a,60,840.0,900.0
S3a,60,900.0,960.0
S3a,60,960.0,1020.0
S3a,60,1020.0,1080.0
S3a,60,1080.0,1140.0
S3a,60,1140.0,1200.0
S3a,60,1200.0,1260.0
S3a,60,1260.0,1320.0
S3a,60,1320.0,1380.0
S3a,60,1560.0,1620.0
S3a,60,1620.0,1680.0
S3a,60,1680.0,1740.0
S3a,60,1740.0,1800.0
S3a,60,1860.0,1920.0
S3a,60,1920.0,1980.0
S3a,60,1980.0,2040.0
S3a,60,2040.0,2100.0
S3a,60,2100.0,2160.0
S3a,60,2160.0,2220.0
S3a,60,2220.0,2280.0
S3a,60,2280.0,2340.0
S3a,60,2340.0,2400.0
S3a,60,2400.0,2460.0
S3a,120,60.0,180.0
S3a,120,120.0,240.0
S3a,120,180.0,300.0
S3a,120,240.0,360.0
S3a,120,360.0,480.0
S3a,120,420.0,540.0
S3a,120,480.0,600.0
S3a,120,540.0,660.0
S3a,120,600.0,720.0
S3a,120,660.0,780.0
S3a,120,720.0,840.0
S3a,120,780.0,900.0
S3a,120,840.0,960.0
S3a,120,900.0,1020.0
S3a,120,960.0,1080.0
S3a,120,1020.0,1140.0
S3a,120,1080.0,1200.0
S3a,120,1140.0,1260.0
S3a,120,1200.0,1320.0
S3a,120,1260.0,1380.0
S3a,120,1320.0,1440.0
S3a,120,1560.0,1680.0
S3a,120,1620.0,1740.0
S3a,120,1680.0,1800.0
S3a,120,1740.0,1860.0
S3a,120,1860.0,1980.0
S3a,120,1920.0,2040.0
S3a,120,1980.0,2100.0
S3a,120,2040.0,2160.0
S3a,120,2100.0,2220.0
S3a,120,2160.0,2280.0
S3a,120,2220.0,2340.0
S3a,120,2280.0,2400.0
S3a,120,2340.0,2460.0
S3c,30,120.0,150.0
S3c,30,180.0,210.0
S3c,30,240.0,270.0
S3c,30,300.0,330.0
S3c,30,360.0,390.0
S3c,30,420.0,450.0
S3c,30,480.0,510.0
S3c,30,540.0,570.0
S3c,30,600.0,630.0
S3c,30,660.0,690.0
S3c,30,720.0,750.0
S3c,30,780.0,810.0
S3c,30,840.0,870.0
S3c,30,960.0,990.0
S3c,30,1020.0,1050.0
S3c,30,1080.0,1110.0
S3c,30,1140.0,1170.0
S3c,30,1200.0,1230.0
S3c,30,1260.0,1290.0
S3c,30,1320.0,1350.0
S3c,30,1380.0,1410.0
S3c,30,1440.0,1470.0
S3c,30,1500.0,1530.0
S3c,30,1560.0,1590.0
S3c,30,1620.0,1650.0
S3c,30,1680.0,1710.0
S3c,30,1740.0,1770.0
S3c,30,1800.0,1830.0
S3c,30,1860.0,1890.0
S3c,30,1920.0,1950.0
S3c,30,1980.0,2010.0
S3c,30,2100.0,2130.0
S3c,30,2160.0,2190.0
S3c,30,2280.0,2310.0
S3c,30,2340.0,2370.0
S3c,30,2400.0,2430.0
S3c,30,2460.0,2490.0
S3c,30,2520.0,2550.0
S3c,30,2580.0,2610.0
S3c,30,2640.0,2670.0
S3c,30,2700.0,2730.0
S3c,30,2760.0,2790.0
S3c,30,2820.0,2850.0
S3c,30,2880.0,2910.0
S3c,30,2940.0,2970.0
S3c,30,3000.0,3030.0
S3c,30,3060.0,3090.0
S3c,30,3120.0,3150.0
S3c,30,3180.0,3210.0
S3c,30,3240.0,3270.0
S3c,30,3300.0,3330.0
S3c,30,3360.0,3390.0
S3c,30,3420.0,3450.0
S3c,30,3480.0,3510.0
S3c,30,3600.0,3630.0
S3c,30,3660.0,3690.0
S3c,60,120.0,180.0
S3c,60,180.0,240.0
S3c,60,240.0,300.0
S3c,60,300.0,360.0
S3c,60,360.0,420.0
S3c,60,420.0,480.0
S3c,60,480.0,540.0
S3c,60,540.0,600.0
S3c,60,600.0,660.0
S3c,60,660.0,720.0
S3c,60,720.0,780.0
S3c,60,780.0,840.0
S3c,60,840.0,900.0
S3c,60,960.0,1020.0
S3c,60,1020.0,1080.0
S3c,60,1080.0,1140.0
S3c,60,1140.0,1200.0
S3c,60,1200.0,1260.0
S3c,60,1260.0,1320.0
S3c,60,1320.0,1380.0
S3c,60,1380.0,1440.0
S3c,60,1440.0,1500.0
S3c,60,1500.0,1560.0
S3c,60,1560.0,1620.0
S3c,60,1620.0,1680.0
S3c,60,1680.0,1740.0
S3c,60,1740.0,1800.0
S3c,60,1800.0,1860.0
S3c,60,1860.0,1920.0
S3c,60,1920.0,1980.0
S3c,60,1980.0,2040.0
S3c,60,2100.0,2160.0
S3c,60,2160.0,2220.0
S3c,60,2280.0,2340.0
S3c,60,2340.0,2400.0
S3c,60,2400.0,2460.0
S3c,60,2460.0,2520.0
S3c,60,2520.0,2580.0
S3c,60,2580.0,2640.0
S3c,60,2640.0,2700.0
S3c,60,2700.0,2760.0
S3c,60,2760.0,2820.0
S3c,60,2820.0,2880.0
S3c,60,2880.0,2940.0
S3c,60,2940.0,3000.0
S3c,60,3000.0,3060.0
S3c,60,3060.0,3120.0
S3c,60,3120.0,3180.0
S3c,60,3180.0,3240.0
S3c,60,3240.0,3300.0
S3c,60,3300.0,3360.0
S3c,60,3360.0,3420.0
S3c,60,3420.0,3480.0
S3c,60,3480.0,3540.0
S3c,60,3600.0,3660.0
S3c,120,120.0,240.0
S3c,120,180.0,300.0
S3c,120,240.0,360.0
S3c,120,300.0,420.0
S3c,120,360.0,480.0
S3c,120,420.0,540.0
S3c,120,480.0,600.0
S3c,120,540.0,660.0
S3c,120,600.0,720.0
S3c,120,660.0,780.0
S3c,120,720.0,840.0
S3c,120,780.0,900.0
S3c,120,840.0,960.0
S3c,120,960.0,1080.0
S3c,120,1020.0,1140.0
S3c,120,1080.0,1200.0
S3c,120,1140.0,1260.0
S3c,120,1200.0,1320.0
S3c,120,1260.0,1380.0
S3c,120,1320.0,1440.0
S3c,120,1380.0,1500.0
S3c,120,1440.0,1560.0
S3c,120,1500.0,1620.0
S3c,120,1560.0,1680.0
S3c,120,1620.0,1740.0
S3c,120,1680.0,1800.0
S3c,120,1740.0,1860.0
S3c,120,1800.0,1920.0
S3c,120,1860.0,1980.0
S3c,120,1920.0,2040.0
S3c,120,1980.0,2100.0
S3c,120,2100.0,2220.0
S3c,120,2160.0,2280.0
S3c,120,2280.0,2400.0
S3c,120,2340.0,2460.0
S3c,120,2400.0,2520.0
S3c,120,2460.0,2580.0
S3c,120,2520.0,2640.0
S3c,120,2580.0,2700.0
S3c,120,2640.0,2760.0
S3c,120,2700.0,2820.0
S3c,120,2760.0,2880.0
S3c,120,2820.0,2940.0
S3c,120,2880.0,3000.0
S3c,120,2940.0,3060.0
S3c,120,3000.0,3120.0
S3c,120,3060.0,3180.0
S3c,120,3120.0,3240.0
S3c,120,3180.0,3300.0
S3c,120,3240.0,3360.0
S3c,120,3300.0,3420.0
S3c,120,3360.0,3480.0
S3c,120,3420.0,3540.0
S3c,120,3480.0,3600.0
