t_ns,lat,lon,alt_m,speed_mps,bearing_deg,accuracy_m,speed_acc_mps,bearing_acc_deg,provider
416834277107454,11.0554692,76.92715876,360.2998046875,0.0,NaN,6.078578,0.17351112,NaN,gps
416835276660631,11.05526852,76.92718553,416.3746337890625,0.29,14.0,6.8757463,0.469393,36.732456,gps
416836276416255,11.05529728,76.92716191,406.135986328125,0.0,NaN,4.0379243,0.17324752,NaN,gps
416837276912088,11.05531685,76.92714454,402.42938232421875,0.0,NaN,3.7900925,0.12072055,NaN,gps
416838276405838,11.05532015,76.92714247,402.6842041015625,0.0,NaN,3.7900925,0.15331993,NaN,gps
416839277054119,11.05531222,76.92714728,402.82110595703125,0.0,NaN,3.7900925,0.15767902,NaN,gps
416840276929275,11.05531475,76.9271437,401.7083740234375,0.0,NaN,3.7900925,0.2407966,NaN,gps
416841276619222,11.05530714,76.92714862,402.199462890625,0.0,NaN,3.7900925,0.17063773,NaN,gps
416842276370888,11.05530521,76.92714955,402.5863037109375,0.0,NaN,3.7900925,0.40835184,NaN,gps
416843276238544,11.05530953,76.92714353,400.5819091796875,0.0,NaN,3.7900925,0.44304124,NaN,gps
416844276560002,11.05531493,76.9271384,398.78656005859375,0.0,NaN,3.7900925,0.4399147,NaN,gps
416845276880158,11.0553197,76.92713707,398.4459228515625,0.0,NaN,3.7900925,0.263491,NaN,gps
416846276653647,11.05531997,76.92713633,398.529541015625,0.0,NaN,3.7900925,0.30137032,NaN,gps
416847276230730,11.05531943,76.92713722,398.37554931640625,0.0,NaN,3.7900925,0.3053953,NaN,gps
416848276655886,11.05532109,76.92713527,397.71240234375,0.0,NaN,3.7900925,0.30705968,NaN,gps
416849276962709,11.05532095,76.92713484,397.5400390625,0.0,NaN,3.7900925,0.3288961,NaN,gps
416850276720781,11.05532192,76.9271342,397.2762451171875,0.0,NaN,3.7900925,0.32759315,NaN,gps
416851276273541,11.05532177,76.92713361,397.16326904296875,0.0,NaN,3.7900925,0.2012509,NaN,gps
416852276780676,11.05532207,76.92713306,396.90728759765625,0.0,NaN,3.7900925,0.44052836,NaN,gps
416853276419061,11.05532208,76.92713308,396.88232421875,0.0,NaN,3.7900925,0.7159007,NaN,gps
416854276849582,11.05532216,76.92713331,396.9095458984375,0.0,NaN,3.8085587,0.5846809,NaN,gps
416855276307863,11.05532288,76.92713299,396.6485595703125,0.0,NaN,3.7900925,0.7589904,NaN,gps
416856276758123,11.05532281,76.9271329,396.62493896484375,0.0,NaN,3.7900925,0.41501915,NaN,gps
416857277100778,11.05532605,76.92713019,395.8458251953125,0.0,NaN,3.7900925,0.31299323,NaN,gps
416858276851507,11.05532605,76.92712951,395.72265625,0.0,NaN,3.7900925,0.3102364,NaN,gps
416859276528538,11.05532528,76.92712889,395.5908203125,0.0,NaN,3.7900925,0.31767613,NaN,gps
416860276848954,11.05532372,76.9271273,395.40087890625,0.0,NaN,3.7900925,0.32856542,NaN,gps
416861276689631,11.05532276,76.92712547,395.37213134765625,0.0,NaN,3.7900925,0.19431598,NaN,gps
