drive,group,gyro_lag_s,gyro_corr,speed_corr_at_gyro_lag,speed_lag_s,lag_used_s,sync,hours,km,moving_pct,speed_corr,speed_ratio,role,speed_only_corr,note
S1,S (Driver A),-0.2,0.948197307451369,0.9286323190674025,4.3,-0.2,gyro,1.4373333333333336,37.947327027777774,84.62623685837971,0.9286267192252163,1.0249529190207156,USABLE,,
S2,S (Driver A),-8.700000000000001,0.9177800639822875,0.9605354584585398,-4.2,-8.700000000000001,gyro,2.60525,75.46885263888889,83.09823113584748,0.9605020045994136,1.0105926779313876,USABLE,,
S3a,S (Driver A),6.7,0.9708607354954171,0.9667675802771843,11.200000000000001,6.7,gyro,0.6820555555555555,25.87584977777778,89.39887594689256,0.9667675802771843,0.9994018566369988,USABLE,,
S3b,S (Driver A),-4.7,0.45600391204352253,0.7755237746628668,1.3,-3.2,speed-corrected,0.18836111111111112,3.7332947500000007,85.91653148503171,0.7688253834914733,1.0065538194444443,EXCLUDED,0.7691036926539894,
S3c,S (Driver A),-0.5,0.9959498545644627,0.980017914319791,4.0,-0.5,gyro,1.0327222222222223,43.69435422222222,90.16891710151165,0.9800180487533573,1.0031905195989061,USABLE,,
S4,S (Driver A),-313.90000000000003,0.5071900742928188,0.8064861333570085,-308.90000000000003,-313.6,speed-corrected,2.5406666666666666,86.38237577777778,79.92980844922593,0.806807964944463,1.031169698838524,EXCLUDED,0.7821978193498025,
Vfa01,Vf (Driver E),-5.300000000000001,0.2711689628085268,0.977758167208824,-0.8,-5.7,speed-corrected,0.3188333333333333,18.705218805555557,92.89074751698902,0.977485295643159,0.9938829787234044,SPEED-ONLY,0.9713434215908238,
Vfa02,Vf (Driver E),9.4,0.022293590303297604,0.9892951698503392,-4.1000000000000005,-8.3,speed-corrected,1.8756388888888889,163.11293027777774,98.23615656887283,0.9892609102388548,1.0007212252343982,SPEED-ONLY,0.9702374188449493,
Vta1a,Vta (Driver E),13.8,0.23909475547312084,0.9967759339146169,14.3,9.8,speed-corrected,0.7105,40.56460013888889,98.35405426538432,0.9967759339146169,1.0087491683300067,SPEED-ONLY,0.9737168735446142,
Vta1b,Vta (Driver E),-0.7000000000000001,0.13750491776405416,0.9941936624884229,0.30000000000000004,-4.3,speed-corrected,0.025277777777777777,1.1879192222222226,97.03296703296704,0.9946812582999146,0.9705003734129947,SPEED-ONLY,0.9939631784114666,
Vta2,Vta (Driver E),9.4,-0.03873871462446042,0.9962958964895763,-0.1,-4.6000000000000005,speed-corrected,0.3040277777777778,11.028269166666666,91.98720877112837,0.9962908538011276,1.0067724867724865,SPEED-ONLY,0.9961454018738435,
Vta3,Vta (Driver E),20.3,0.7580244127620496,0.9169875109610676,25.8,-26.5,speed-corrected,,,,,,EXCLUDED,0.7588538615551509,only 380 overlapping samples after a lag of -26.5 s
Vta4,Vta (Driver E),-1.7000000000000002,0.2032331946047254,0.8593813372461686,4.800000000000001,0.30000000000000004,speed-corrected,0.04961111111111112,1.9894093333333336,100.0,0.8593813372461686,1.008647342995169,EXCLUDED,0.8437442342560292,
Vta5,Vta (Driver E),-8.9,0.17507031406084522,0.8727224417192683,4.6000000000000005,-0.2,speed-corrected,,,,,,EXCLUDED,0.7895991719764981,only 305 overlapping samples after a lag of -0.2 s
Vta6,Vta (Driver E),8.9,0.08059379133584058,0.955127344040483,1.9000000000000001,-4.0,speed-corrected,0.03711111111111111,2.535371111111111,100.0,0.9445157603617863,1.0647622651027873,SPEED-ONLY,0.9447215404660466,
Vta7,Vta (Driver E),-1.4000000000000001,0.375503932860351,0.958399705838639,2.6,-2.1,speed-corrected,0.022750000000000003,1.4633094444444443,100.0,0.9586687832140918,0.8792453891138101,SPEED-ONLY,0.9540232116335142,
Vta8,Vta (Driver E),-1.3,0.23435343561351543,0.976999989496154,3.7,-0.7000000000000001,speed-corrected,0.10191666666666667,3.3961730833333337,76.36958299264106,0.9770636753209366,1.0745435576421491,SPEED-ONLY,0.9747551695229187,
Vta9,Vta (Driver E),-9.8,0.34826668636099894,,-24.8,-4.5,speed-corrected,,,,,,EXCLUDED,0.8168026669444898,only 111 overlapping samples after a lag of -4.5 s
Vta10,Vta (Driver E),5.2,-0.10041631260068366,0.9621786410404887,4.7,-0.30000000000000004,speed-corrected,0.04163888888888889,3.745290861111111,100.0,0.9607088098149479,0.994919351388354,SPEED-ONLY,0.9430571304535588,
Vta11,Vta (Driver E),-0.4,0.6620660164626825,0.9083793436530399,8.6,-4.2,speed-corrected,,,,,,EXCLUDED,0.7688775814686776,only 468 overlapping samples after a lag of -4.2 s
Vta12,Vta (Driver E),-0.9,0.17497567220384236,0.9321886353008146,8.1,2.8000000000000003,speed-corrected,,,,,,EXCLUDED,0.8184174838862914,only 582 overlapping samples after a lag of 2.8 s
Vta13,Vta (Driver E),0.0,0.20116675056402722,0.8261532875136075,3.0,-1.6,speed-corrected,,,,,,EXCLUDED,0.8086953830814675,only 388 overlapping samples after a lag of -1.6 s
Vta14,Vta (Driver E),-0.5,0.11737993577115866,0.9466669247867895,4.5,0.0,speed-corrected,0.08013888888888888,5.433580222222223,100.0,0.9466669247867895,0.9857793461213656,SPEED-ONLY,0.9434062984347342,
Vta15,Vta (Driver E),3.1,0.08974619132542001,0.9019259858531823,0.1,-4.5,speed-corrected,0.021888888888888892,1.5678693333333336,100.0,0.9043036259408781,0.9803185256205391,SPEED-ONLY,0.9017153797709665,
Vta16,Vta (Driver E),-1.7000000000000002,0.33506404704311277,0.9701432088969703,3.3000000000000003,-1.4000000000000001,speed-corrected,0.31447222222222226,13.628433444444447,93.56063951947708,0.9701431809931452,1.016060683108738,SPEED-ONLY,0.9693459323135581,
Vta17,Vta (Driver E),-1.5,0.24758246218183727,0.8882394569992628,3.0,-1.4000000000000001,speed-corrected,0.12513888888888888,4.092150277777777,90.85460599334073,0.8887575608682138,1.0507624173113577,EXCLUDED,0.8856542439442828,
Vta19,Vta (Driver E),-13.700000000000001,-0.20388395950356553,0.8937344365403064,-9.200000000000001,-4.5,speed-corrected,,,,,,EXCLUDED,0.7198732504727754,only 247 overlapping samples after a lag of -4.5 s
Vta20,Vta (Driver E),-13.0,0.177803157329228,0.9682631173683872,-21.5,-25.900000000000002,speed-corrected,0.08233333333333334,0.3777201944444445,15.418353576248315,0.9687610032466801,0.9955808080808082,EXCLUDED,0.6321098762461024,
Vta21,Vta (Driver E),-9.4,0.25787817111284456,0.897567181447002,-5.4,-9.8,speed-corrected,0.05502777777777779,2.6472704722222224,94.19485108531045,0.9002474513746553,1.015966167374618,SPEED-ONLY,0.8819458192286893,
Vta22,Vta (Driver E),-4.9,0.2932331796459598,0.8314363064658259,-0.4,-4.6000000000000005,speed-corrected,0.04216666666666667,1.6181127222222222,100.0,0.8413750158231267,1.0273051879857171,EXCLUDED,0.8314377737705415,
Vta23,Vta (Driver E),-1.8,0.19556494854278467,0.892305355402478,0.7000000000000001,-3.7,speed-corrected,0.029805555555555557,1.0486346666666666,95.24697110904008,0.8931163001078811,0.9949600953565506,EXCLUDED,0.891121128770679,
Vta24,Vta (Driver E),-1.0,0.5059038917979398,0.9403679368857125,3.0,-2.0,speed-corrected,0.03197222222222222,0.67101975,58.73153779322329,0.9354612261810086,1.0787401574803148,SPEED-ONLY,0.9205195801057235,
Vta25,Vta (Driver E),0.30000000000000004,0.784774754046957,0.911704239915007,7.300000000000001,2.9000000000000004,speed-corrected,0.01713888888888889,0.13515233333333332,34.6839546191248,0.9122121197863613,1.6201415293620616,EXCLUDED,0.8500985796463179,
Vta26,Vta (Driver E),-2.8000000000000003,0.13830225621066636,0.9627881925369957,0.7000000000000001,-3.9000000000000004,speed-corrected,0.052666666666666674,0.9852002222222223,56.065400843881854,0.9657043946610017,1.126028806584362,SPEED-ONLY,0.9614629515446725,
Vta27,Vta (Driver E),26.200000000000003,0.09380883018236572,0.9631160709811031,32.2,0.30000000000000004,speed-corrected,0.07047222222222223,3.149994944444445,93.49625541978716,0.6765002544773782,1.0502208885554722,EXCLUDED,0.6312481886149183,
Vta28,Vta (Driver E),0.4,0.2662405904360639,0.9079166842084322,5.4,0.6000000000000001,speed-corrected,0.11677777777777779,3.9266211388888888,86.15604186489058,0.9069807482023434,1.0760764207733904,SPEED-ONLY,0.8805782612926923,
Vta29,Vta (Driver E),4.3,0.2239464906222936,0.9611940818367446,8.8,4.3,speed-corrected,0.6572777777777778,25.962977222222225,87.68066942777449,0.9611940818367446,1.0070141211445558,SPEED-ONLY,0.9500894488902915,
Vta30,Vta (Driver E),-3.6,0.3103484398979885,0.9713585330784336,1.4000000000000001,-4.0,speed-corrected,0.4748888888888889,11.636788611111113,71.56644829199813,0.9696141634411085,0.9859497829402792,SPEED-ONLY,0.9685541404486022,
Vtb1,Vtb (Driver E),5.0,0.05233164114325714,0.7595391632421539,3.5,-1.3,speed-corrected,0.9012777777777778,41.559402750000004,89.80459840966529,0.7588984681624312,1.0992195865249978,EXCLUDED,0.7568880795144624,
Vtb2,Vtb (Driver E),-0.9,0.27832305977874683,0.9637800451756179,4.1000000000000005,-0.7000000000000001,speed-corrected,0.1584722222222222,4.313956694444444,76.70464504820333,0.9637683832221312,1.0518353174603174,SPEED-ONLY,0.9568431431010341,
Vtb3,Vtb (Driver E),5.5,0.09974940881436632,0.9675085629738214,4.0,-1.7000000000000002,speed-corrected,0.22841666666666668,0.6658501944444445,5.8737686975556365,0.9633364949080987,0.997958500669344,SPEED-ONLY,0.9414545823807907,
Vtb4,Vtb (Driver E),15.5,-0.21185636849203,0.8804703546223898,1.0,-4.5,speed-corrected,,,,,,EXCLUDED,0.8718857602397646,only 511 overlapping samples after a lag of -4.5 s
Vtb5,Vtb (Driver E),26.5,0.18773110853690658,0.987862468382012,31.0,26.400000000000002,speed-corrected,1.7812222222222225,111.05431099999998,96.74224939180338,0.9878336684725133,1.0008426966292134,SPEED-ONLY,0.976556740836291,
Vtb6,Vtb (Driver E),-0.4,0.18306851222582962,0.7686098156979307,2.1,-2.9000000000000004,speed-corrected,,,,,,EXCLUDED,0.7516438569007986,only 469 overlapping samples after a lag of -2.9 s
Vtb7,Vtb (Driver E),-0.2,0.19380958779507557,0.9519309928327512,8.3,2.1,speed-corrected,,,,,,EXCLUDED,0.7904929789502714,only 440 overlapping samples after a lag of 2.1 s
Vtb8,Vtb (Driver E),6.1000000000000005,-0.18246477481186021,0.7211631090607024,1.6,-3.0,speed-corrected,0.017722222222222223,1.2400260833333334,100.0,0.6928260184488436,1.0257791681149346,EXCLUDED,0.7047664123165995,
Vtb9,Vtb (Driver E),-7.300000000000001,-0.1663120503387606,0.8605150244609405,6.7,1.2000000000000002,speed-corrected,,,,,,EXCLUDED,0.7147439676038907,only 440 overlapping samples after a lag of 1.2 s
Vtb10,Vtb (Driver E),-1.8,0.49891821884965076,,-16.8,-4.4,speed-corrected,,,,,,EXCLUDED,0.7156055795123077,only 151 overlapping samples after a lag of -4.4 s
Vtb11,Vtb (Driver E),-5.2,-0.2310573278377018,0.6894788170152878,4.800000000000001,-0.7000000000000001,speed-corrected,,,,,,EXCLUDED,0.5688859094602049,only 354 overlapping samples after a lag of -0.7 s
Vtb12,Vtb (Driver E),0.1,0.5823338400034381,0.8542167080465414,1.1,-4.3,speed-corrected,,,,,,EXCLUDED,0.831772580489414,only 404 overlapping samples after a lag of -4.3 s
Vw1,Vw (Driver E),-39.1,0.08247095544676504,,-54.1,-604.5,speed-corrected,0.4008333333333333,0.015950083333333323,0.0,,,EXCLUDED,0.0,
Vw2,Vw (Driver E),-2.2,0.2668137316692973,0.9830113713960316,2.3000000000000003,-2.4000000000000004,speed-corrected,1.4635555555555555,98.57616758333333,93.54501973883997,0.9828708613783137,0.9999477861319966,SPEED-ONLY,0.9813318181869242,
Vw3,Vw (Driver E),-0.30000000000000004,0.3398032058124669,0.9434215557953135,5.2,0.0,speed-corrected,0.10725000000000001,4.940347361111111,90.44289044289044,0.9422396408294604,1.0154764496697872,SPEED-ONLY,0.9159394267284786,
Vw4,Vw (Driver E),-7.0,-0.026429952939677356,0.9858566195258137,4.0,-0.4,speed-corrected,3.514527777777778,214.3679637777778,91.890012092663,0.9858811913838369,1.003619153674833,SPEED-ONLY,0.9853953935529391,
Vw5,Vw (Driver E),-3.1,0.5974720768157334,0.7209618417261282,3.4000000000000004,-1.5,speed-corrected,0.027694444444444445,0.65156775,94.08224674022067,0.7141977970165657,1.0798878616675227,EXCLUDED,0.6767008430639899,
Vw6,Vw (Driver E),1.1,0.4541153554642476,0.6505082326444765,3.1,-2.8000000000000003,speed-corrected,0.03480555555555556,1.068038,98.80287310454908,0.5123264739776814,1.042242627698789,EXCLUDED,0.5208102907763758,
Vw7,Vw (Driver E),87.9,-0.1673179177081695,0.4355728524389442,93.4,8.9,speed-corrected,0.04202777777777778,1.0902818611111111,96.03436880370126,0.3682780277688516,1.1124320124320124,EXCLUDED,0.35070290502090845,
Vw8,Vw (Driver E),-3.5,0.2576664843070317,0.6882911766032711,4.5,-0.2,speed-corrected,0.04241666666666667,1.0589933055555554,91.81401440733464,0.6885556083439028,0.9724462365591398,EXCLUDED,0.6851281993803889,
Vw9,Vw (Driver E),-0.8,0.5164038685032698,0.8476733943221483,6.2,1.5,speed-corrected,,,,,,EXCLUDED,0.4553796320012834,only 537 overlapping samples after a lag of 1.5 s
Vw10,Vw (Driver E),7.1000000000000005,-0.13238416647906148,0.8962950519503428,2.6,-3.5,speed-corrected,0.01713888888888889,0.7170774722222223,100.0,0.8451882110471902,1.0520922288642185,EXCLUDED,0.8389969653762296,
Vw11,Vw (Driver E),5.7,-0.11491169764368091,0.975716140475724,3.2,-2.0,speed-corrected,0.13580555555555557,5.824451333333334,81.69359787277561,0.974555876372722,1.0289095464135019,SPEED-ONLY,0.9678058980510936,
Vw12,Vw (Driver E),-18.400000000000002,0.07388603803619012,0.8539683692867234,-3.4000000000000004,-5.0,speed-corrected,0.024111111111111114,2.1825242499999997,100.0,0.9319078706090589,0.9964640548396895,SPEED-ONLY,0.9217937155051437,
Vw13,Vw (Driver E),1.8,-0.18417149703405952,0.8882070944794751,3.8000000000000003,-3.5,speed-corrected,,,,,,EXCLUDED,0.7579959748651811,only 249 overlapping samples after a lag of -3.5 s
Vw14a,Vw (Driver E),-16.400000000000002,0.05535782843072915,0.8902166075713546,-1.4000000000000001,-5.5,speed-corrected,0.08563888888888889,7.753467305555556,100.0,0.8816906307460538,1.0009823182711197,EXCLUDED,0.8811059792630209,
Vw14b,Vw (Driver E),-4.2,0.05364209025687808,0.9906897574569496,0.8,-3.8000000000000003,speed-corrected,0.5430555555555555,41.064844444444454,100.0,0.9907735982904686,0.9971774594648365,SPEED-ONLY,0.9905447227528302,
Vw14c,Vw (Driver E),-2.1,0.24757089890540943,0.9840644461401272,1.9000000000000001,-3.0,speed-corrected,0.4387777777777778,17.02229727777778,79.49480881235755,0.9839249475510308,1.0051608986035214,SPEED-ONLY,0.9828068989657262,
Vw15,Vw (Driver E),-1.2000000000000002,-0.09789573117999176,,-16.2,-143.5,speed-corrected,,,,,,EXCLUDED,0.0,only -44 overlapping samples after a lag of -143.5 s
Vw16a,Vw (Driver E),10.0,0.1419151384776588,0.983541467545335,14.0,8.700000000000001,speed-corrected,0.16088888888888891,8.299840166666668,90.43508287292818,0.9815510496324715,1.010043513458814,SPEED-ONLY,0.9283124679897642,
Vw16b,Vw (Driver E),0.2,0.15338923760658665,0.9483337467965672,3.7,-1.0,speed-corrected,0.031000000000000003,1.8689193888888893,98.02867383512545,0.9474834568173556,1.0824211204121055,SPEED-ONLY,0.93619530109563,
Vw17,Vw (Driver E),-19.900000000000002,0.2536998522052789,0.8711296730652411,-12.9,-4.5,speed-corrected,,,,,,EXCLUDED,0.6913299690366663,only 284 overlapping samples after a lag of -4.5 s
Y1,Y (Driver D),-115.7,0.7868835528707389,0.9370475527540396,-110.2,-114.80000000000001,speed-corrected,1.9204722222222224,58.46760483333334,85.38119964707754,0.9369835585413,1.0075705238917674,SPEED-ONLY,0.9131687897055073,
