drive,T,k0,start_s,end_s
S1,30,600,60.0,90.0
S1,30,1200,120.0,150.0
S1,30,1800,180.0,210.0
S1,30,2400,240.0,270.0
S1,30,3000,300.0,330.0
S1,30,3600,360.0,390.0
S1,30,4200,420.0,450.0
S1,30,4800,480.0,510.0
S1,30,5400,540.0,570.0
S1,30,6000,600.0,630.0
S1,30,7200,720.0,750.0
S1,30,7800,780.0,810.0
S1,30,8400,840.0,870.0
S1,30,9000,900.0,930.0
S1,30,9600,960.0,990.0
S1,30,10200,1020.0,1050.0
S1,30,10800,1080.0,1110.0
S1,30,11400,1140.0,1170.0
S1,30,12000,1200.0,1230.0
S1,30,12600,1260.0,1290.0
S1,30,13200,1320.0,1350.0
S1,30,14400,1440.0,1470.0
S1,30,15000,1500.0,1530.0
S1,30,15600,1560.0,1590.0
S1,30,16200,1620.0,1650.0
S1,30,16800,1680.0,1710.0
S1,30,17400,1740.0,1770.0
S1,30,18600,1860.0,1890.0
S1,30,19200,1920.0,1950.0
S1,30,19800,1980.0,2010.0
S1,30,20400,2040.0,2070.0
S1,30,21000,2100.0,2130.0
S1,30,21600,2160.0,2190.0
S1,30,22200,2220.0,2250.0
S1,30,22800,2280.0,2310.0
S1,30,23400,2340.0,2370.0
S1,30,24000,2400.0,2430.0
S1,30,24600,2460.0,2490.0
S1,30,25800,2580.0,2610.0
S1,30,26400,2640.0,2670.0
S1,30,27000,2700.0,2730.0
S1,30,27600,2760.0,2790.0
S1,30,28200,2820.0,2850.0
S1,30,28800,2880.0,2910.0
S1,30,29400,2940.0,2970.0
S1,30,30000,3000.0,3030.0
S1,30,30600,3060.0,3090.0
S1,30,31200,3120.0,3150.0
S1,30,31800,3180.0,3210.0
S1,30,32400,3240.0,3270.0
S1,30,33000,3300.0,3330.0
S1,30,33600,3360.0,3390.0
S1,30,34200,3420.0,3450.0
S1,30,35400,3540.0,3570.0
S1,30,36000,3600.0,3630.0
S1,30,36600,3660.0,3690.0
S1,30,37200,3720.0,3750.0
S1,30,37800,3780.0,3810.0
S1,30,38400,3840.0,3870.0
S1,30,39000,3900.0,3930.0
S1,30,39600,3960.0,3990.0
S1,30,40200,4020.0,4050.0
S1,30,40800,4080.0,4110.0
S1,30,41400,4140.0,4170.0
S1,30,42000,4200.0,4230.0
S1,30,43200,4320.0,4350.0
S1,30,43800,4380.0,4410.0
S1,30,44400,4440.0,4470.0
S1,30,45000,4500.0,4530.0
S1,30,45600,4560.0,4590.0
S1,30,46800,4680.0,4710.0
S1,30,48000,4800.0,4830.0
S1,30,49200,4920.0,4950.0
S1,30,49800,4980.0,5010.0
S1,30,51000,5100.0,5130.0
S1,60,600,60.0,120.0
S1,60,1200,120.0,180.0
S1,60,1800,180.0,240.0
S1,60,2400,240.0,300.0
S1,60,3000,300.0,360.0
S1,60,3600,360.0,420.0
S1,60,4200,420.0,480.0
S1,60,4800,480.0,540.0
S1,60,5400,540.0,600.0
S1,60,6000,600.0,660.0
S1,60,7200,720.0,780.0
S1,60,7800,780.0,840.0
S1,60,8400,840.0,900.0
S1,60,9000,900.0,960.0
S1,60,9600,960.0,1020.0
S1,60,10200,1020.0,1080.0
S1,60,10800,1080.0,1140.0
S1,60,11400,1140.0,1200.0
S1,60,12000,1200.0,1260.0
S1,60,12600,1260.0,1320.0
S1,60,13200,1320.0,1380.0
S1,60,14400,1440.0,1500.0
S1,60,15000,1500.0,1560.0
S1,60,15600,1560.0,1620.0
S1,60,16200,1620.0,1680.0
S1,60,16800,1680.0,1740.0
S1,60,17400,1740.0,1800.0
S1,60,18600,1860.0,1920.0
S1,60,19200,1920.0,1980.0
S1,60,19800,1980.0,2040.0
S1,60,20400,2040.0,2100.0
S1,60,21000,2100.0,2160.0
S1,60,21600,2160.0,2220.0
S1,60,22200,2220.0,2280.0
S1,60,22800,2280.0,2340.0
S1,60,23400,2340.0,2400.0
S1,60,24000,2400.0,2460.0
S1,60,24600,2460.0,2520.0
S1,60,25800,2580.0,2640.0
S1,60,26400,2640.0,2700.0
S1,60,27000,2700.0,2760.0
S1,60,27600,2760.0,2820.0
S1,60,28200,2820.0,2880.0
S1,60,28800,2880.0,2940.0
S1,60,29400,2940.0,3000.0
S1,60,30000,3000.0,3060.0
S1,60,30600,3060.0,3120.0
S1,60,31200,3120.0,3180.0
S1,60,31800,3180.0,3240.0
S1,60,32400,3240.0,3300.0
S1,60,33000,3300.0,3360.0
S1,60,33600,3360.0,3420.0
S1,60,34200,3420.0,3480.0
S1,60,35400,3540.0,3600.0
S1,60,36000,3600.0,3660.0
S1,60,36600,3660.0,3720.0
S1,60,37200,3720.0,3780.0
S1,60,37800,3780.0,3840.0
S1,60,38400,3840.0,3900.0
S1,60,39000,3900.0,3960.0
S1,60,39600,3960.0,4020.0
S1,60,40200,4020.0,4080.0
S1,60,40800,4080.0,4140.0
S1,60,41400,4140.0,4200.0
S1,60,42000,4200.0,4260.0
S1,60,43200,4320.0,4380.0
S1,60,43800,4380.0,4440.0
S1,60,44400,4440.0,4500.0
S1,60,45000,4500.0,4560.0
S1,60,45600,4560.0,4620.0
S1,60,46800,4680.0,4740.0
S1,60,48000,4800.0,4860.0
S1,60,49200,4920.0,4980.0
S1,60,49800,4980.0,5040.0
S1,60,51000,5100.0,5160.0
S1,120,600,60.0,180.0
S1,120,1200,120.0,240.0
S1,120,1800,180.0,300.0
S1,120,2400,240.0,360.0
S1,120,3000,300.0,420.0
S1,120,3600,360.0,480.0
S1,120,4200,420.0,540.0
S1,120,4800,480.0,600.0
S1,120,5400,540.0,660.0
S1,120,6000,600.0,720.0
S1,120,7200,720.0,840.0
S1,120,7800,780.0,900.0
S1,120,8400,840.0,960.0
S1,120,9000,900.0,1020.0
S1,120,9600,960.0,1080.0
S1,120,10200,1020.0,1140.0
S1,120,10800,1080.0,1200.0
S1,120,11400,1140.0,1260.0
S1,120,12000,1200.0,1320.0
S1,120,12600,1260.0,1380.0
S1,120,13200,1320.0,1440.0
S1,120,14400,1440.0,1560.0
S1,120,15000,1500.0,1620.0
S1,120,15600,1560.0,1680.0
S1,120,16200,1620.0,1740.0
S1,120,16800,1680.0,1800.0
S1,120,17400,1740.0,1860.0
S1,120,18600,1860.0,1980.0
S1,120,19200,1920.0,2040.0
S1,120,19800,1980.0,2100.0
S1,120,20400,2040.0,2160.0
S1,120,21000,2100.0,2220.0
S1,120,21600,2160.0,2280.0
S1,120,22200,2220.0,2340.0
S1,120,22800,2280.0,2400.0
S1,120,23400,2340.0,2460.0
S1,120,24000,2400.0,2520.0
S1,120,24600,2460.0,2580.0
S1,120,25800,2580.0,2700.0
S1,120,26400,2640.0,2760.0
S1,120,27000,2700.0,2820.0
S1,120,27600,2760.0,2880.0
S1,120,28200,2820.0,2940.0
S1,120,28800,2880.0,3000.0
S1,120,29400,2940.0,3060.0
S1,120,30000,3000.0,3120.0
S1,120,30600,3060.0,3180.0
S1,120,31200,3120.0,3240.0
S1,120,31800,3180.0,3300.0
S1,120,32400,3240.0,3360.0
S1,120,33000,3300.0,3420.0
S1,120,33600,3360.0,3480.0
S1,120,34200,3420.0,3540.0
S1,120,35400,3540.0,3660.0
S1,120,36000,3600.0,3720.0
S1,120,36600,3660.0,3780.0
S1,120,37200,3720.0,3840.0
S1,120,37800,3780.0,3900.0
S1,120,38400,3840.0,3960.0
S1,120,39000,3900.0,4020.0
S1,120,39600,3960.0,4080.0
S1,120,40200,4020.0,4140.0
S1,120,40800,4080.0,4200.0
S1,120,41400,4140.0,4260.0
S1,120,42000,4200.0,4320.0
S1,120,43200,4320.0,4440.0
S1,120,43800,4380.0,4500.0
S1,120,44400,4440.0,4560.0
S1,120,45000,4500.0,4620.0
S1,120,45600,4560.0,4680.0
S1,120,46800,4680.0,4800.0
S1,120,48000,4800.0,4920.0
S1,120,49200,4920.0,5040.0
S1,120,49800,4980.0,5100.0
S2,30,1800,180.0,210.0
S2,30,2400,240.0,270.0
S2,30,4800,480.0,510.0
S2,30,5400,540.0,570.0
S2,30,6600,660.0,690.0
S2,30,7200,720.0,750.0
S2,30,7800,780.0,810.0
S2,30,8400,840.0,870.0
S2,30,9000,900.0,930.0
S2,30,9600,960.0,990.0
S2,30,10200,1020.0,1050.0
S2,30,10800,1080.0,1110.0
S2,30,11400,1140.0,1170.0
S2,30,12000,1200.0,1230.0
S2,30,12600,1260.0,1290.0
S2,30,14400,1440.0,1470.0
S2,30,15000,1500.0,1530.0
S2,30,15600,1560.0,1590.0
S2,30,16200,1620.0,1650.0
S2,30,16800,1680.0,1710.0
S2,30,17400,1740.0,1770.0
S2,30,18000,1800.0,1830.0
S2,30,18600,1860.0,1890.0
S2,30,19200,1920.0,1950.0
S2,30,19800,1980.0,2010.0
S2,30,21000,2100.0,2130.0
S2,30,21600,2160.0,2190.0
S2,30,22200,2220.0,2250.0
S2,30,23400,2340.0,2370.0
S2,30,24000,2400.0,2430.0
S2,30,24600,2460.0,2490.0
S2,30,25200,2520.0,2550.0
S2,30,25800,2580.0,2610.0
S2,30,26400,2640.0,2670.0
S2,30,27600,2760.0,2790.0
S2,30,28200,2820.0,2850.0
S2,30,30000,3000.0,3030.0
S2,30,30600,3060.0,3090.0
S2,30,31800,3180.0,3210.0
S2,30,32400,3240.0,3270.0
S2,30,33000,3300.0,3330.0
S2,30,34800,3480.0,3510.0
S2,30,36600,3660.0,3690.0
S2,30,37800,3780.0,3810.0
S2,30,38400,3840.0,3870.0
S2,30,39000,3900.0,3930.0
S2,30,39600,3960.0,3990.0
S2,30,40800,4080.0,4110.0
S2,30,41400,4140.0,4170.0
S2,30,42000,4200.0,4230.0
S2,30,43200,4320.0,4350.0
S2,30,43800,4380.0,4410.0
S2,30,44400,4440.0,4470.0
S2,30,45000,4500.0,4530.0
S2,30,45600,4560.0,4590.0
S2,30,46200,4620.0,4650.0
S2,30,46800,4680.0,4710.0
S2,30,47400,4740.0,4770.0
S2,30,48000,4800.0,4830.0
S2,30,48600,4860.0,4890.0
S2,30,49800,4980.0,5010.0
S2,30,50400,5040.0,5070.0
S2,30,51000,5100.0,5130.0
S2,30,51600,5160.0,5190.0
S2,30,52200,5220.0,5250.0
S2,30,52800,5280.0,5310.0
S2,30,53400,5340.0,5370.0
S2,30,54000,5400.0,5430.0
S2,30,54600,5460.0,5490.0
S2,30,55200,5520.0,5550.0
S2,30,55800,5580.0,5610.0
S2,30,56400,5640.0,5670.0
S2,30,57000,5700.0,5730.0
S2,30,57600,5760.0,5790.0
S2,30,58200,5820.0,5850.0
S2,30,58800,5880.0,5910.0
S2,30,59400,5940.0,5970.0
S2,30,60000,6000.0,6030.0
S2,30,60600,6060.0,6090.0
S2,30,61200,6120.0,6150.0
S2,30,61800,6180.0,6210.0
S2,30,62400,6240.0,6270.0
S2,30,64200,6420.0,6450.0
S2,30,64800,6480.0,6510.0
S2,30,65400,6540.0,6570.0
S2,30,66000,6600.0,6630.0
S2,30,66600,6660.0,6690.0
S2,30,67200,6720.0,6750.0
S2,30,67800,6780.0,6810.0
S2,30,68400,6840.0,6870.0
S2,30,69000,6900.0,6930.0
S2,30,69600,6960.0,6990.0
S2,30,70200,7020.0,7050.0
S2,30,70800,7080.0,7110.0
S2,30,71400,7140.0,7170.0
S2,30,72000,7200.0,7230.0
S2,30,74400,7440.0,7470.0
S2,30,75000,7500.0,7530.0
S2,30,75600,7560.0,7590.0
S2,30,76200,7620.0,7650.0
S2,30,77400,7740.0,7770.0
S2,30,78000,7800.0,7830.0
S2,30,78600,7860.0,7890.0
S2,30,79800,7980.0,8010.0
S2,30,80400,8040.0,8070.0
S2,30,81600,8160.0,8190.0
S2,30,82200,8220.0,8250.0
S2,30,82800,8280.0,8310.0
S2,30,83400,8340.0,8370.0
S2,30,84000,8400.0,8430.0
S2,30,84600,8460.0,8490.0
S2,30,85200,8520.0,8550.0
S2,30,85800,8580.0,8610.0
S2,30,86400,8640.0,8670.0
S2,30,87000,8700.0,8730.0
S2,30,87600,8760.0,8790.0
S2,30,88200,8820.0,8850.0
S2,30,88800,8880.0,8910.0
S2,30,89400,8940.0,8970.0
S2,30,90000,9000.0,9030.0
S2,30,90600,9060.0,9090.0
S2,30,91200,9120.0,9150.0
S2,30,91800,9180.0,9210.0
S2,30,92400,9240.0,9270.0
S2,30,93000,9300.0,9330.0
S2,60,1800,180.0,240.0
S2,60,2400,240.0,300.0
S2,60,4800,480.0,540.0
S2,60,5400,540.0,600.0
S2,60,6600,660.0,720.0
S2,60,7200,720.0,780.0
S2,60,7800,780.0,840.0
S2,60,8400,840.0,900.0
S2,60,9000,900.0,960.0
S2,60,9600,960.0,1020.0
S2,60,10200,1020.0,1080.0
S2,60,10800,1080.0,1140.0
S2,60,11400,1140.0,1200.0
S2,60,12000,1200.0,1260.0
S2,60,12600,1260.0,1320.0
S2,60,14400,1440.0,1500.0
S2,60,15000,1500.0,1560.0
S2,60,15600,1560.0,1620.0
S2,60,16200,1620.0,1680.0
S2,60,16800,1680.0,1740.0
S2,60,17400,1740.0,1800.0
S2,60,18000,1800.0,1860.0
S2,60,18600,1860.0,1920.0
S2,60,19200,1920.0,1980.0
S2,60,19800,1980.0,2040.0
S2,60,21000,2100.0,2160.0
S2,60,21600,2160.0,2220.0
S2,60,22200,2220.0,2280.0
S2,60,23400,2340.0,2400.0
S2,60,24000,2400.0,2460.0
S2,60,24600,2460.0,2520.0
S2,60,25200,2520.0,2580.0
S2,60,25800,2580.0,2640.0
S2,60,26400,2640.0,2700.0
S2,60,27600,2760.0,2820.0
S2,60,28200,2820.0,2880.0
S2,60,30000,3000.0,3060.0
S2,60,30600,3060.0,3120.0
S2,60,31800,3180.0,3240.0
S2,60,32400,3240.0,3300.0
S2,60,33000,3300.0,3360.0
S2,60,34800,3480.0,3540.0
S2,60,36600,3660.0,3720.0
S2,60,37800,3780.0,3840.0
S2,60,38400,3840.0,3900.0
S2,60,39000,3900.0,3960.0
S2,60,39600,3960.0,4020.0
S2,60,40800,4080.0,4140.0
S2,60,41400,4140.0,4200.0
S2,60,42000,4200.0,4260.0
S2,60,43200,4320.0,4380.0
S2,60,43800,4380.0,4440.0
S2,60,44400,4440.0,4500.0
S2,60,45000,4500.0,4560.0
S2,60,45600,4560.0,4620.0
S2,60,46200,4620.0,4680.0
S2,60,46800,4680.0,4740.0
S2,60,47400,4740.0,4800.0
S2,60,48000,4800.0,4860.0
S2,60,48600,4860.0,4920.0
S2,60,49800,4980.0,5040.0
S2,60,50400,5040.0,5100.0
S2,60,51000,5100.0,5160.0
S2,60,51600,5160.0,5220.0
S2,60,52200,5220.0,5280.0
S2,60,52800,5280.0,5340.0
S2,60,53400,5340.0,5400.0
S2,60,54000,5400.0,5460.0
S2,60,54600,5460.0,5520.0
S2,60,55200,5520.0,5580.0
S2,60,55800,5580.0,5640.0
S2,60,56400,5640.0,5700.0
S2,60,57000,5700.0,5760.0
S2,60,57600,5760.0,5820.0
S2,60,58200,5820.0,5880.0
S2,60,58800,5880.0,5940.0
S2,60,59400,5940.0,6000.0
S2,60,60000,6000.0,6060.0
S2,60,60600,6060.0,6120.0
S2,60,61200,6120.0,6180.0
S2,60,61800,6180.0,6240.0
S2,60,62400,6240.0,6300.0
S2,60,64200,6420.0,6480.0
S2,60,64800,6480.0,6540.0
S2,60,65400,6540.0,6600.0
S2,60,66000,6600.0,6660.0
S2,60,66600,6660.0,6720.0
S2,60,67200,6720.0,6780.0
S2,60,67800,6780.0,6840.0
S2,60,68400,6840.0,6900.0
S2,60,69000,6900.0,6960.0
S2,60,69600,6960.0,7020.0
S2,60,70200,7020.0,7080.0
S2,60,70800,7080.0,7140.0
S2,60,71400,7140.0,7200.0
S2,60,72000,7200.0,7260.0
S2,60,74400,7440.0,7500.0
S2,60,75000,7500.0,7560.0
S2,60,75600,7560.0,7620.0
S2,60,76200,7620.0,7680.0
S2,60,77400,7740.0,7800.0
S2,60,78000,7800.0,7860.0
S2,60,78600,7860.0,7920.0
S2,60,79800,7980.0,8040.0
S2,60,80400,8040.0,8100.0
S2,60,81600,8160.0,8220.0
S2,60,82200,8220.0,8280.0
S2,60,82800,8280.0,8340.0
S2,60,83400,8340.0,8400.0
S2,60,84000,8400.0,8460.0
S2,60,84600,8460.0,8520.0
S2,60,85200,8520.0,8580.0
S2,60,85800,8580.0,8640.0
S2,60,86400,8640.0,8700.0
S2,60,87000,8700.0,8760.0
S2,60,87600,8760.0,8820.0
S2,60,88200,8820.0,8880.0
S2,60,88800,8880.0,8940.0
S2,60,89400,8940.0,9000.0
S2,60,90000,9000.0,9060.0
S2,60,90600,9060.0,9120.0
S2,60,91200,9120.0,9180.0
S2,60,91800,9180.0,9240.0
S2,60,92400,9240.0,9300.0
S2,60,93000,9300.0,9360.0
S2,120,1800,180.0,300.0
S2,120,2400,240.0,360.0
S2,120,4800,480.0,600.0
S2,120,5400,540.0,660.0
S2,120,6600,660.0,780.0
S2,120,7200,720.0,840.0
S2,120,7800,780.0,900.0
S2,120,8400,840.0,960.0
S2,120,9000,900.0,1020.0
S2,120,9600,960.0,1080.0
S2,120,10200,1020.0,1140.0
S2,120,10800,1080.0,1200.0
S2,120,11400,1140.0,1260.0
S2,120,12000,1200.0,1320.0
S2,120,12600,1260.0,1380.0
S2,120,14400,1440.0,1560.0
S2,120,15000,1500.0,1620.0
S2,120,15600,1560.0,1680.0
S2,120,16200,1620.0,1740.0
S2,120,16800,1680.0,1800.0
S2,120,17400,1740.0,1860.0
S2,120,18000,1800.0,1920.0
S2,120,18600,1860.0,1980.0
S2,120,19200,1920.0,2040.0
S2,120,19800,1980.0,2100.0
S2,120,21000,2100.0,2220.0
S2,120,21600,2160.0,2280.0
S2,120,22200,2220.0,2340.0
S2,120,23400,2340.0,2460.0
S2,120,24000,2400.0,2520.0
S2,120,24600,2460.0,2580.0
S2,120,25200,2520.0,2640.0
S2,120,25800,2580.0,2700.0
S2,120,26400,2640.0,2760.0
S2,120,27600,2760.0,2880.0
S2,120,28200,2820.0,2940.0
S2,120,30000,3000.0,3120.0
S2,120,30600,3060.0,3180.0
S2,120,31800,3180.0,3300.0
S2,120,32400,3240.0,3360.0
S2,120,33000,3300.0,3420.0
S2,120,34800,3480.0,3600.0
S2,120,36600,3660.0,3780.0
S2,120,37800,3780.0,3900.0
S2,120,38400,3840.0,3960.0
S2,120,39000,3900.0,4020.0
S2,120,39600,3960.0,4080.0
S2,120,40800,4080.0,4200.0
S2,120,41400,4140.0,4260.0
S2,120,42000,4200.0,4320.0
S2,120,43200,4320.0,4440.0
S2,120,43800,4380.0,4500.0
S2,120,44400,4440.0,4560.0
S2,120,45000,4500.0,4620.0
S2,120,45600,4560.0,4680.0
S2,120,46200,4620.0,4740.0
S2,120,46800,4680.0,4800.0
S2,120,47400,4740.0,4860.0
S2,120,48000,4800.0,4920.0
S2,120,48600,4860.0,4980.0
S2,120,49800,4980.0,5100.0
S2,120,50400,5040.0,5160.0
S2,120,51000,5100.0,5220.0
S2,120,51600,5160.0,5280.0
S2,120,52200,5220.0,5340.0
S2,120,52800,5280.0,5400.0
S2,120,53400,5340.0,5460.0
S2,120,54000,5400.0,5520.0
S2,120,54600,5460.0,5580.0
S2,120,55200,5520.0,5640.0
S2,120,55800,5580.0,5700.0
S2,120,56400,5640.0,5760.0
S2,120,57000,5700.0,5820.0
S2,120,57600,5760.0,5880.0
S2,120,58200,5820.0,5940.0
S2,120,58800,5880.0,6000.0
S2,120,59400,5940.0,6060.0
S2,120,60000,6000.0,6120.0
S2,120,60600,6060.0,6180.0
S2,120,61200,6120.0,6240.0
S2,120,61800,6180.0,6300.0
S2,120,62400,6240.0,6360.0
S2,120,64200,6420.0,6540.0
S2,120,64800,6480.0,6600.0
S2,120,65400,6540.0,6660.0
S2,120,66000,6600.0,6720.0
S2,120,66600,6660.0,6780.0
S2,120,67200,6720.0,6840.0
S2,120,67800,6780.0,6900.0
S2,120,68400,6840.0,6960.0
S2,120,69000,6900.0,7020.0
S2,120,69600,6960.0,7080.0
S2,120,70200,7020.0,7140.0
S2,120,70800,7080.0,7200.0
S2,120,71400,7140.0,7260.0
S2,120,72000,7200.0,7320.0
S2,120,74400,7440.0,7560.0
S2,120,75000,7500.0,7620.0
S2,120,75600,7560.0,7680.0
S2,120,76200,7620.0,7740.0
S2,120,77400,7740.0,7860.0
S2,120,78000,7800.0,7920.0
S2,120,78600,7860.0,7980.0
S2,120,79800,7980.0,8100.0
S2,120,80400,8040.0,8160.0
S2,120,81600,8160.0,8280.0
S2,120,82200,8220.0,8340.0
S2,120,82800,8280.0,8400.0
S2,120,83400,8340.0,8460.0
S2,120,84000,8400.0,8520.0
S2,120,84600,8460.0,8580.0
S2,120,85200,8520.0,8640.0
S2,120,85800,8580.0,8700.0
S2,120,86400,8640.0,8760.0
S2,120,87000,8700.0,8820.0
S2,120,87600,8760.0,8880.0
S2,120,88200,8820.0,8940.0
S2,120,88800,8880.0,9000.0
S2,120,89400,8940.0,9060.0
S2,120,90000,9000.0,9120.0
S2,120,90600,9060.0,9180.0
S2,120,91200,9120.0,9240.0
S2,120,91800,9180.0,9300.0
S2,120,92400,9240.0,9360.0
S3a,30,600,60.0,90.0
S3a,30,1200,120.0,150.0
S3a,30,1800,180.0,210.0
S3a,30,2400,240.0,270.0
S3a,30,3600,360.0,390.0
S3a,30,4200,420.0,450.0
S3a,30,4800,480.0,510.0
S3a,30,5400,540.0,570.0
S3a,30,6000,600.0,630.0
S3a,30,6600,660.0,690.0
S3a,30,7200,720.0,750.0
S3a,30,7800,780.0,810.0
S3a,30,8400,840.0,870.0
S3a,30,9600,960.0,990.0
S3a,30,10200,1020.0,1050.0
S3a,30,10800,1080.0,1110.0
S3a,30,11400,1140.0,1170.0
S3a,30,12000,1200.0,1230.0
S3a,30,12600,1260.0,1290.0
S3a,30,13800,1380.0,1410.0
S3a,30,14400,1440.0,1470.0
S3a,30,15600,1560.0,1590.0
S3a,30,16200,1620.0,1650.0
S3a,30,16800,1680.0,1710.0
S3a,30,17400,1740.0,1770.0
S3a,30,18600,1860.0,1890.0
S3a,30,19200,1920.0,1950.0
S3a,30,19800,1980.0,2010.0
S3a,30,20400,2040.0,2070.0
S3a,30,21000,2100.0,2130.0
S3a,30,21600,2160.0,2190.0
S3a,30,22200,2220.0,2250.0
S3a,30,22800,2280.0,2310.0
S3a,30,23400,2340.0,2370.0
S3a,30,24000,2400.0,2430.0
S3a,60,600,60.0,120.0
S3a,60,1200,120.0,180.0
S3a,60,1800,180.0,240.0
S3a,60,2400,240.0,300.0
S3a,60,3600,360.0,420.0
S3a,60,4200,420.0,480.0
S3a,60,4800,480.0,540.0
S3a,60,5400,540.0,600.0
S3a,60,6000,600.0,660.0
S3a,60,6600,660.0,720.0
S3a,60,7200,720.0,780.0
S3a,60,7800,780.0,840.0
S3a,60,8400,840.0,900.0
S3a,60,9600,960.0,1020.0
S3a,60,10200,1020.0,1080.0
S3a,60,10800,1080.0,1140.0
S3a,60,11400,1140.0,1200.0
S3a,60,12000,1200.0,1260.0
S3a,60,12600,1260.0,1320.0
S3a,60,13800,1380.0,1440.0
S3a,60,14400,1440.0,1500.0
S3a,60,15600,1560.0,1620.0
S3a,60,16200,1620.0,1680.0
S3a,60,16800,1680.0,1740.0
S3a,60,17400,1740.0,1800.0
S3a,60,18600,1860.0,1920.0
S3a,60,19200,1920.0,1980.0
S3a,60,19800,1980.0,2040.0
S3a,60,20400,2040.0,2100.0
S3a,60,21000,2100.0,2160.0
S3a,60,21600,2160.0,2220.0
S3a,60,22200,2220.0,2280.0
S3a,60,22800,2280.0,2340.0
S3a,60,23400,2340.0,2400.0
S3a,120,600,60.0,180.0
S3a,120,1200,120.0,240.0
S3a,120,1800,180.0,300.0
S3a,120,2400,240.0,360.0
S3a,120,3600,360.0,480.0
S3a,120,4200,420.0,540.0
S3a,120,4800,480.0,600.0
S3a,120,5400,540.0,660.0
S3a,120,6000,600.0,720.0
S3a,120,6600,660.0,780.0
S3a,120,7200,720.0,840.0
S3a,120,7800,780.0,900.0
S3a,120,8400,840.0,960.0
S3a,120,9600,960.0,1080.0
S3a,120,10200,1020.0,1140.0
S3a,120,10800,1080.0,1200.0
S3a,120,11400,1140.0,1260.0
S3a,120,12000,1200.0,1320.0
S3a,120,12600,1260.0,1380.0
S3a,120,13800,1380.0,1500.0
S3a,120,14400,1440.0,1560.0
S3a,120,15600,1560.0,1680.0
S3a,120,16200,1620.0,1740.0
S3a,120,16800,1680.0,1800.0
S3a,120,17400,1740.0,1860.0
S3a,120,18600,1860.0,1980.0
S3a,120,19200,1920.0,2040.0
S3a,120,19800,1980.0,2100.0
S3a,120,20400,2040.0,2160.0
S3a,120,21000,2100.0,2220.0
S3a,120,21600,2160.0,2280.0
S3a,120,22200,2220.0,2340.0
S3a,120,22800,2280.0,2400.0
S3c,30,1200,120.0,150.0
S3c,30,1800,180.0,210.0
S3c,30,2400,240.0,270.0
S3c,30,3000,300.0,330.0
S3c,30,3600,360.0,390.0
S3c,30,4200,420.0,450.0
S3c,30,4800,480.0,510.0
S3c,30,5400,540.0,570.0
S3c,30,6000,600.0,630.0
S3c,30,6600,660.0,690.0
S3c,30,7200,720.0,750.0
S3c,30,7800,780.0,810.0
S3c,30,8400,840.0,870.0
S3c,30,9600,960.0,990.0
S3c,30,10200,1020.0,1050.0
S3c,30,10800,1080.0,1110.0
S3c,30,11400,1140.0,1170.0
S3c,30,12000,1200.0,1230.0
S3c,30,12600,1260.0,1290.0
S3c,30,13200,1320.0,1350.0
S3c,30,13800,1380.0,1410.0
S3c,30,14400,1440.0,1470.0
S3c,30,15000,1500.0,1530.0
S3c,30,15600,1560.0,1590.0
S3c,30,16200,1620.0,1650.0
S3c,30,16800,1680.0,1710.0
S3c,30,17400,1740.0,1770.0
S3c,30,18000,1800.0,1830.0
S3c,30,18600,1860.0,1890.0
S3c,30,19200,1920.0,1950.0
S3c,30,19800,1980.0,2010.0
S3c,30,21000,2100.0,2130.0
S3c,30,21600,2160.0,2190.0
S3c,30,22800,2280.0,2310.0
S3c,30,23400,2340.0,2370.0
S3c,30,24000,2400.0,2430.0
S3c,30,24600,2460.0,2490.0
S3c,30,25200,2520.0,2550.0
S3c,30,25800,2580.0,2610.0
S3c,30,26400,2640.0,2670.0
S3c,30,27000,2700.0,2730.0
S3c,30,27600,2760.0,2790.0
S3c,30,28200,2820.0,2850.0
S3c,30,28800,2880.0,2910.0
S3c,30,29400,2940.0,2970.0
S3c,30,30000,3000.0,3030.0
S3c,30,30600,3060.0,3090.0
S3c,30,31200,3120.0,3150.0
S3c,30,31800,3180.0,3210.0
S3c,30,32400,3240.0,3270.0
S3c,30,33000,3300.0,3330.0
S3c,30,33600,3360.0,3390.0
S3c,30,34200,3420.0,3450.0
S3c,30,34800,3480.0,3510.0
S3c,30,36000,3600.0,3630.0
S3c,30,36600,3660.0,3690.0
S3c,60,1200,120.0,180.0
S3c,60,1800,180.0,240.0
S3c,60,2400,240.0,300.0
S3c,60,3000,300.0,360.0
S3c,60,3600,360.0,420.0
S3c,60,4200,420.0,480.0
S3c,60,4800,480.0,540.0
S3c,60,5400,540.0,600.0
S3c,60,6000,600.0,660.0
S3c,60,6600,660.0,720.0
S3c,60,7200,720.0,780.0
S3c,60,7800,780.0,840.0
S3c,60,8400,840.0,900.0
S3c,60,9600,960.0,1020.0
S3c,60,10200,1020.0,1080.0
S3c,60,10800,1080.0,1140.0
S3c,60,11400,1140.0,1200.0
S3c,60,12000,1200.0,1260.0
S3c,60,12600,1260.0,1320.0
S3c,60,13200,1320.0,1380.0
S3c,60,13800,1380.0,1440.0
S3c,60,14400,1440.0,1500.0
S3c,60,15000,1500.0,1560.0
S3c,60,15600,1560.0,1620.0
S3c,60,16200,1620.0,1680.0
S3c,60,16800,1680.0,1740.0
S3c,60,17400,1740.0,1800.0
S3c,60,18000,1800.0,1860.0
S3c,60,18600,1860.0,1920.0
S3c,60,19200,1920.0,1980.0
S3c,60,19800,1980.0,2040.0
S3c,60,21000,2100.0,2160.0
S3c,60,21600,2160.0,2220.0
S3c,60,22800,2280.0,2340.0
S3c,60,23400,2340.0,2400.0
S3c,60,24000,2400.0,2460.0
S3c,60,24600,2460.0,2520.0
S3c,60,25200,2520.0,2580.0
S3c,60,25800,2580.0,2640.0
S3c,60,26400,2640.0,2700.0
S3c,60,27000,2700.0,2760.0
S3c,60,27600,2760.0,2820.0
S3c,60,28200,2820.0,2880.0
S3c,60,28800,2880.0,2940.0
S3c,60,29400,2940.0,3000.0
S3c,60,30000,3000.0,3060.0
S3c,60,30600,3060.0,3120.0
S3c,60,31200,3120.0,3180.0
S3c,60,31800,3180.0,3240.0
S3c,60,32400,3240.0,3300.0
S3c,60,33000,3300.0,3360.0
S3c,60,33600,3360.0,3420.0
S3c,60,34200,3420.0,3480.0
S3c,60,34800,3480.0,3540.0
S3c,60,36000,3600.0,3660.0
S3c,120,1200,120.0,240.0
S3c,120,1800,180.0,300.0
S3c,120,2400,240.0,360.0
S3c,120,3000,300.0,420.0
S3c,120,3600,360.0,480.0
S3c,120,4200,420.0,540.0
S3c,120,4800,480.0,600.0
S3c,120,5400,540.0,660.0
S3c,120,6000,600.0,720.0
S3c,120,6600,660.0,780.0
S3c,120,7200,720.0,840.0
S3c,120,7800,780.0,900.0
S3c,120,8400,840.0,960.0
S3c,120,9600,960.0,1080.0
S3c,120,10200,1020.0,1140.0
S3c,120,10800,1080.0,1200.0
S3c,120,11400,1140.0,1260.0
S3c,120,12000,1200.0,1320.0
S3c,120,12600,1260.0,1380.0
S3c,120,13200,1320.0,1440.0
S3c,120,13800,1380.0,1500.0
S3c,120,14400,1440.0,1560.0
S3c,120,15000,1500.0,1620.0
S3c,120,15600,1560.0,1680.0
S3c,120,16200,1620.0,1740.0
S3c,120,16800,1680.0,1800.0
S3c,120,17400,1740.0,1860.0
S3c,120,18000,1800.0,1920.0
S3c,120,18600,1860.0,1980.0
S3c,120,19200,1920.0,2040.0
S3c,120,19800,1980.0,2100.0
S3c,120,21000,2100.0,2220.0
S3c,120,21600,2160.0,2280.0
S3c,120,22800,2280.0,2400.0
S3c,120,23400,2340.0,2460.0
S3c,120,24000,2400.0,2520.0
S3c,120,24600,2460.0,2580.0
S3c,120,25200,2520.0,2640.0
S3c,120,25800,2580.0,2700.0
S3c,120,26400,2640.0,2760.0
S3c,120,27000,2700.0,2820.0
S3c,120,27600,2760.0,2880.0
S3c,120,28200,2820.0,2940.0
S3c,120,28800,2880.0,3000.0
S3c,120,29400,2940.0,3060.0
S3c,120,30000,3000.0,3120.0
S3c,120,30600,3060.0,3180.0
S3c,120,31200,3120.0,3240.0
S3c,120,31800,3180.0,3300.0
S3c,120,32400,3240.0,3360.0
S3c,120,33000,3300.0,3420.0
S3c,120,33600,3360.0,3480.0
S3c,120,34200,3420.0,3540.0
S3c,120,34800,3480.0,3600.0
